Year,Quarter,Country,Segment,Revenue,COGS,MarketingCost,LogisticCost,OperationalCost,TotalCost,Profit
2017,Q1,United States,Consumer,242304.44,136632.53,22517.33,12338.39,20297.14,191785.39,50519.05
2017,Q1,United States,SMB,309371.38,184420.6,27627.86,10470.18,30323.17,252841.81,56529.57
2017,Q1,United States,Enterprise,362380.63,222022.1,29785.24,19816.01,35417.84,307041.18,55339.45
2017,Q1,Canada,Consumer,236007.59,135812.57,12553.45,12940.05,24843.71,186149.78,49857.82
2017,Q1,Canada,SMB,312677.87,173677.74,30809.68,17758.11,34749.56,256995.09,55682.78
2017,Q1,Canada,Enterprise,367405.57,208198.49,19174.97,12722.77,39430.69,279526.91,87878.66
2017,Q1,United Kingdom,Consumer,258022.24,159135.47,17104.62,10608.27,25488.01,212336.37,45685.86
2017,Q1,United Kingdom,SMB,303436.62,161729.34,22389.15,11168.68,32404.77,227691.93,75744.69
2017,Q1,United Kingdom,Enterprise,389940.0,235238.25,33150.07,15352.33,44176.46,327917.11,62022.9
2017,Q1,Germany,Consumer,267959.98,149722.06,17261.02,13525.24,22934.72,203443.05,64516.94
2017,Q1,Germany,SMB,313491.04,163246.14,28009.24,15657.47,33921.8,240834.66,72656.38
2017,Q1,Germany,Enterprise,417621.57,236328.53,32757.01,14280.11,35322.94,318688.59,98932.98
2017,Q1,France,Consumer,272257.47,154399.83,21307.36,14416.02,28692.87,218816.09,53441.39
2017,Q1,France,SMB,336122.17,193579.72,21914.33,10394.42,32761.39,258649.86,77472.31
2017,Q1,France,Enterprise,404654.29,226951.52,37499.38,14979.57,33316.04,312746.5,91907.79
2017,Q1,Australia,Consumer,268761.29,147646.54,22332.94,12554.1,29928.16,212461.74,56299.55
2017,Q1,Australia,SMB,350377.44,196435.15,31779.59,12266.43,28348.51,268829.67,81547.76
2017,Q1,Australia,Enterprise,410929.44,243367.18,30036.42,14316.02,41110.12,328829.74,82099.7
2017,Q1,Japan,Consumer,272586.05,160725.47,19710.1,11293.41,25094.4,216823.39,55762.66
2017,Q1,Japan,SMB,359263.24,199815.48,19537.63,12049.75,42564.04,273966.91,85296.34
2017,Q1,Japan,Enterprise,462565.9,272900.33,29277.41,27326.22,51414.22,380918.18,81647.72
2017,Q1,India,Consumer,298307.07,168524.45,18975.93,9811.84,34634.67,231946.88,66360.18
2017,Q1,India,SMB,362474.07,195821.66,23668.77,17172.78,31560.95,268224.17,94249.9
2017,Q1,India,Enterprise,473067.72,281878.33,40671.12,20324.31,49715.8,392589.56,80478.16
2017,Q2,United States,Consumer,249911.39,146194.33,13550.75,10614.79,20408.91,190768.78,59142.61
2017,Q2,United States,SMB,309336.41,171058.74,17702.15,10239.68,32018.11,231018.68,78317.73
2017,Q2,United States,Enterprise,372974.61,228451.43,29484.78,15070.45,38653.83,311660.49,61314.12
2017,Q2,Canada,Consumer,242699.15,149467.71,17987.69,12980.05,20219.07,200654.52,42044.63
2017,Q2,Canada,SMB,319625.07,181889.26,30968.9,15070.91,31623.57,259552.64,60072.43
2017,Q2,Canada,Enterprise,389910.62,215681.75,29646.32,16831.41,31529.92,293689.39,96221.23
2017,Q2,United Kingdom,Consumer,273962.8,167012.13,15619.29,12772.44,23106.85,218510.72,55452.09
2017,Q2,United Kingdom,SMB,336878.37,184650.91,27951.18,17453.61,37307.9,267363.6,69514.77
2017,Q2,United Kingdom,Enterprise,395561.43,241925.84,24331.26,12310.81,40424.04,318991.96,76569.48
2017,Q2,Germany,Consumer,269101.67,162262.65,24330.17,10633.33,31785.21,229011.36,40090.31
2017,Q2,Germany,SMB,333389.33,190533.9,20936.27,19363.69,28866.29,259700.15,73689.18
2017,Q2,Germany,Enterprise,405252.73,228363.85,40370.78,22998.22,44555.24,336288.09,68964.64
2017,Q2,France,Consumer,293436.41,178803.91,22284.42,11584.24,32536.37,245208.95,48227.46
2017,Q2,France,SMB,357973.96,199522.43,19589.53,18759.16,32396.08,270267.19,87706.76
2017,Q2,France,Enterprise,460709.13,250670.48,25863.24,25308.31,39681.51,341523.55,119185.59
2017,Q2,Australia,Consumer,279667.11,162189.66,26212.67,10038.1,25844.86,224285.29,55381.82
2017,Q2,Australia,SMB,373302.99,230396.13,28011.56,12810.61,30072.34,301290.63,72012.36
2017,Q2,Australia,Enterprise,439477.51,234321.6,36864.66,14790.6,44059.03,330035.89,109441.62
2017,Q2,Japan,Consumer,304626.28,176108.0,18274.16,16487.51,33087.37,243957.05,60669.23
2017,Q2,Japan,SMB,382607.94,203970.5,21497.86,22125.02,36693.3,284286.68,98321.26
2017,Q2,Japan,Enterprise,455914.65,259350.88,37906.21,26747.92,41696.97,365701.98,90212.67
2017,Q2,India,Consumer,320987.67,167711.55,24959.97,15734.58,27038.68,235444.78,85542.89
2017,Q2,India,SMB,368314.35,206960.04,36209.57,17635.36,43210.98,304015.96,64298.39
2017,Q2,India,Enterprise,495225.01,280662.91,44192.97,15121.75,41780.03,381757.67,113467.34
2017,Q3,United States,Consumer,269388.87,161547.58,16602.99,12371.17,28081.27,218603.0,50785.87
2017,Q3,United States,SMB,338098.95,196202.44,23879.45,13938.31,32807.53,266827.72,71271.22
2017,Q3,United States,Enterprise,413027.24,250603.89,30024.95,15461.75,36952.1,333042.7,79984.55
2017,Q3,Canada,Consumer,276117.75,166128.14,15259.34,8834.88,28654.77,218877.13,57240.62
2017,Q3,Canada,SMB,323080.99,194645.45,21167.21,11086.9,37748.4,264647.96,58433.03
2017,Q3,Canada,Enterprise,404741.41,221989.33,23345.76,13544.55,32721.69,291601.33,113140.08
2017,Q3,United Kingdom,Consumer,264226.0,142012.0,13916.54,12612.65,28332.58,196873.77,67352.23
2017,Q3,United Kingdom,SMB,343135.26,189341.73,25812.8,19301.41,39132.95,273588.89,69546.37
2017,Q3,United Kingdom,Enterprise,412286.91,221872.14,25494.69,15453.18,42403.42,305223.43,107063.48
2017,Q3,Germany,Consumer,283979.07,149067.83,19503.88,12981.42,23873.23,205426.36,78552.7
2017,Q3,Germany,SMB,371333.04,195022.69,35737.87,12244.11,42236.53,285241.21,86091.83
2017,Q3,Germany,Enterprise,467557.89,288930.7,42127.57,24960.26,49420.56,405439.09,62118.8
2017,Q3,France,Consumer,304492.74,162433.24,23386.08,13832.1,34804.4,234455.82,70036.93
2017,Q3,France,SMB,367833.66,205438.39,30154.33,13975.44,31483.15,281051.31,86782.35
2017,Q3,France,Enterprise,460553.99,258688.08,28383.25,18894.39,43594.06,349559.78,110994.21
2017,Q3,Australia,Consumer,298587.94,166596.07,25167.13,11616.95,35219.74,238599.89,59988.05
2017,Q3,Australia,SMB,397753.42,225960.16,26418.01,18321.73,45320.99,316020.89,81732.53
2017,Q3,Australia,Enterprise,483463.77,290290.59,37050.78,23683.7,44249.61,395274.69,88189.09
2017,Q3,Japan,Consumer,321250.43,173552.48,27222.73,17932.7,27397.56,246105.47,75144.96
2017,Q3,Japan,SMB,396398.98,209897.05,34203.6,12896.76,46552.14,303549.55,92849.43
2017,Q3,Japan,Enterprise,469950.62,289436.96,42316.33,22468.56,52307.84,406529.69,63420.94
2017,Q3,India,Consumer,332465.28,204334.06,20835.32,15859.35,27861.24,268889.97,63575.3
2017,Q3,India,SMB,407696.51,218985.67,31901.25,19232.23,40214.94,310334.09,97362.42
2017,Q3,India,Enterprise,504468.88,300861.38,45383.15,22582.35,52456.56,421283.43,83185.45
2017,Q4,United States,Consumer,298218.26,158644.17,16657.03,9731.24,31704.93,216737.38,81480.88
2017,Q4,United States,SMB,352799.82,210773.95,29480.51,14115.21,40901.73,295271.4,57528.42
2017,Q4,United States,Enterprise,457749.72,250413.58,31222.93,18050.54,39505.85,339192.89,118556.83
2017,Q4,Canada,Consumer,283132.38,173733.64,20355.86,11749.88,30914.5,236753.88,46378.51
2017,Q4,Canada,SMB,370241.48,227185.35,32957.07,16431.72,35193.07,311767.22,58474.26
2017,Q4,Canada,Enterprise,484641.1,286798.98,47281.46,16261.82,55259.43,405601.69,79039.41
2017,Q4,United Kingdom,Consumer,308757.25,164318.19,24519.31,15617.83,24852.52,229307.85,79449.39
2017,Q4,United Kingdom,SMB,378340.53,227965.29,24504.34,16554.84,36961.06,305985.52,72355.01
2017,Q4,United Kingdom,Enterprise,464997.83,284506.22,41414.89,15492.64,55744.58,397158.34,67839.5
2017,Q4,Germany,Consumer,326930.03,179285.43,30026.83,10851.65,39219.9,259383.81,67546.21
2017,Q4,Germany,SMB,399492.75,233708.25,21781.16,22735.53,32422.82,310647.76,88844.98
2017,Q4,Germany,Enterprise,476558.17,254626.07,42336.66,17130.42,55483.54,369576.69,106981.47
2017,Q4,France,Consumer,329145.05,172345.7,16546.61,10384.44,34309.09,233585.85,95559.2
2017,Q4,France,SMB,417860.61,227255.7,38639.76,13253.27,46816.5,325965.22,91895.39
2017,Q4,France,Enterprise,529316.43,316113.51,44942.16,29186.19,43195.42,433437.29,95879.14
2017,Q4,Australia,Consumer,322438.54,171696.06,24255.94,16881.48,33920.69,246754.16,75684.37
2017,Q4,Australia,SMB,432660.59,231698.96,37525.11,15485.46,39298.71,324008.25,108652.35
2017,Q4,Australia,Enterprise,532775.26,329266.02,42929.53,16854.35,55756.19,444806.09,87969.17
2017,Q4,Japan,Consumer,325844.06,198248.27,27852.8,11467.7,27262.99,264831.77,61012.29
2017,Q4,Japan,SMB,413930.99,255810.48,30187.17,22154.59,43651.64,351803.89,62127.1
2017,Q4,Japan,Enterprise,540227.13,288758.44,52564.76,21090.62,55708.59,418122.41,122104.72
2017,Q4,India,Consumer,360447.81,210834.33,34974.15,12418.57,36165.21,294392.26,66055.55
2017,Q4,India,SMB,436287.35,247556.8,24415.02,14843.73,39755.82,326571.38,109715.97
2017,Q4,India,Enterprise,539367.15,303550.61,43445.69,26449.96,52034.06,425480.32,113886.83
2018,Q1,United States,Consumer,242883.17,131585.08,19288.64,9596.61,19780.99,180251.32,62631.85
2018,Q1,United States,SMB,303926.76,172452.08,18624.52,14337.36,31192.27,236606.23,67320.53
2018,Q1,United States,Enterprise,391807.48,229127.0,32371.78,15471.08,43685.47,320655.33,71152.15
2018,Q1,Canada,Consumer,255060.8,143635.4,20736.6,10411.51,25636.05,200419.57,54641.23
2018,Q1,Canada,SMB,325336.19,198012.71,31249.47,14675.59,32797.47,276735.24,48600.95
2018,Q1,Canada,Enterprise,409410.77,225767.55,37612.21,18351.53,34650.18,316381.47,93029.3
2018,Q1,United Kingdom,Consumer,249785.08,150919.98,13183.26,9596.33,23321.23,197020.8,52764.29
2018,Q1,United Kingdom,SMB,315850.28,174156.48,27521.5,9614.64,35718.54,247011.15,68839.13
2018,Q1,United Kingdom,Enterprise,425447.98,237070.74,24540.11,20432.23,36072.42,318115.5,107332.48
2018,Q1,Germany,Consumer,266425.19,164076.07,26582.1,14164.0,24627.93,229450.11,36975.09
2018,Q1,Germany,SMB,344972.51,203720.29,23938.36,16981.84,27745.83,272386.32,72586.19
2018,Q1,Germany,Enterprise,409081.11,234202.55,23803.43,14308.51,46411.14,318725.64,90355.47
2018,Q1,France,Consumer,293712.4,169059.96,27007.88,17537.46,25160.53,238765.84,54946.57
2018,Q1,France,SMB,346509.71,193788.07,18712.38,18247.17,33733.12,264480.74,82028.97
2018,Q1,France,Enterprise,434142.25,232295.32,25634.51,24838.63,35506.74,318275.2,115867.05
2018,Q1,Australia,Consumer,278754.31,153093.52,20769.95,13266.85,27800.61,214930.94,63823.37
2018,Q1,Australia,SMB,342599.5,186499.77,31580.62,16831.11,36303.89,271215.39,71384.1
2018,Q1,Australia,Enterprise,457031.25,272523.3,24179.43,18737.48,46425.74,361865.95,95165.3
2018,Q1,Japan,Consumer,290289.12,175464.65,21518.73,15402.4,33116.36,245502.14,44786.98
2018,Q1,Japan,SMB,369586.5,225800.8,29328.98,20515.09,34602.03,310246.9,59339.6
2018,Q1,Japan,Enterprise,461681.18,264608.46,25507.42,19370.56,53875.2,363361.63,98319.54
2018,Q1,India,Consumer,308229.34,165750.53,20633.73,11018.61,24964.4,222367.27,85862.08
2018,Q1,India,SMB,397619.09,224583.51,25995.05,19067.55,31925.86,301571.97,96047.13
2018,Q1,India,Enterprise,463273.11,273471.66,37844.08,27543.52,48557.65,387416.92,75856.19
2018,Q2,United States,Consumer,257608.99,153571.86,24515.72,13298.0,30533.99,221919.58,35689.41
2018,Q2,United States,SMB,332769.81,201884.83,18537.01,17294.85,32479.51,270196.2,62573.6
2018,Q2,United States,Enterprise,405852.83,237590.4,39972.75,24163.4,37147.36,338873.91,66978.92
2018,Q2,Canada,Consumer,273881.03,162958.76,18438.94,9234.2,22359.07,212990.97,60890.06
2018,Q2,Canada,SMB,343943.9,195693.75,34145.72,15116.06,40969.45,285924.99,58018.91
2018,Q2,Canada,Enterprise,413225.06,247673.97,22413.73,19282.67,46315.25,335685.62,77539.44
2018,Q2,United Kingdom,Consumer,288675.33,173857.12,14967.39,11887.96,23656.35,224368.82,64306.51
2018,Q2,United Kingdom,SMB,330069.42,193925.87,28274.71,17563.53,37831.98,277596.09,52473.33
2018,Q2,United Kingdom,Enterprise,442314.85,265427.46,23198.61,16381.6,46388.17,351395.85,90919.01
2018,Q2,Germany,Consumer,295814.1,153956.45,22402.44,14884.96,24015.46,215259.3,80554.79
2018,Q2,Germany,SMB,351978.49,214553.24,29418.59,13068.87,40164.7,297205.4,54773.09
2018,Q2,Germany,Enterprise,437377.2,264759.49,28406.42,20867.09,41934.68,355967.68,81409.52
2018,Q2,France,Consumer,286227.38,174213.94,16996.09,9315.08,26812.94,227338.06,58889.32
2018,Q2,France,SMB,375563.21,225617.03,37532.72,14605.98,36173.38,313929.11,61634.1
2018,Q2,France,Enterprise,440304.22,254270.05,43977.15,22467.15,45707.33,366421.67,73882.55
2018,Q2,Australia,Consumer,298702.98,182665.8,22356.67,10165.16,28261.82,243449.46,55253.52
2018,Q2,Australia,SMB,359930.14,194433.51,18314.48,15692.38,37930.02,266370.39,93559.76
2018,Q2,Australia,Enterprise,464186.49,260890.53,45471.92,24397.13,47177.25,377936.83,86249.66
2018,Q2,Japan,Consumer,303731.82,185185.19,18756.91,12076.46,35343.02,251361.59,52370.23
2018,Q2,Japan,SMB,390091.78,231804.94,31026.82,19349.79,35878.82,318060.37,72031.41
2018,Q2,Japan,Enterprise,472284.44,260818.72,27284.85,26556.29,43133.68,357793.54,114490.9
2018,Q2,India,Consumer,322024.19,192956.07,28721.73,13895.86,31896.59,267470.24,54553.95
2018,Q2,India,SMB,421489.13,247607.9,38242.52,24057.17,46997.55,356905.14,64583.99
2018,Q2,India,Enterprise,482577.0,278069.1,26587.44,23929.87,57047.35,385633.75,96943.24
2018,Q3,United States,Consumer,271534.91,152954.87,14063.37,15964.42,22841.55,205824.21,65710.71
2018,Q3,United States,SMB,321920.98,175320.31,17150.83,14052.99,32399.26,238923.38,82997.59
2018,Q3,United States,Enterprise,414991.13,217910.2,23065.21,17236.71,34204.04,292416.17,122574.96
2018,Q3,Canada,Consumer,286483.6,154902.27,18651.11,11981.83,27692.76,213227.97,73255.64
2018,Q3,Canada,SMB,331383.34,176033.16,30864.46,9953.76,33246.59,250097.97,81285.37
2018,Q3,Canada,Enterprise,437623.19,242141.03,31319.09,23376.71,49735.06,346571.9,91051.29
2018,Q3,United Kingdom,Consumer,282047.48,155760.45,17521.96,12521.75,30272.25,216076.41,65971.07
2018,Q3,United Kingdom,SMB,351287.47,194287.81,33906.0,11050.48,34577.5,273821.79,77465.68
2018,Q3,United Kingdom,Enterprise,463049.88,247752.71,24249.32,15811.38,54062.43,341875.84,121174.05
2018,Q3,Germany,Consumer,282834.83,152400.51,14584.14,9423.74,29642.78,206051.18,76783.65
2018,Q3,Germany,SMB,363046.16,209449.03,28865.72,20142.91,29112.55,287570.2,75475.96
2018,Q3,Germany,Enterprise,485076.9,282272.02,28201.0,25800.33,55405.32,391678.67,93398.23
2018,Q3,France,Consumer,299845.29,183469.15,21805.61,14423.38,35797.32,255495.46,44349.83
2018,Q3,France,SMB,379328.96,228096.55,25005.35,20474.81,39461.35,313038.06,66290.9
2018,Q3,France,Enterprise,466510.64,261900.29,30734.55,15088.47,37877.58,345600.9,120909.75
2018,Q3,Australia,Consumer,312044.0,162856.83,18184.17,16149.99,33801.74,230992.74,81051.26
2018,Q3,Australia,SMB,407080.93,224592.78,38469.54,19464.54,34618.59,317145.46,89935.47
2018,Q3,Australia,Enterprise,476563.39,280843.35,27949.11,21549.62,57030.81,387372.88,89190.51
2018,Q3,Japan,Consumer,308889.47,161134.66,30782.14,14684.35,26279.2,232880.35,76009.12
2018,Q3,Japan,SMB,426030.45,259042.71,32723.41,20727.98,38737.88,351231.98,74798.46
2018,Q3,Japan,Enterprise,485237.9,281174.38,31413.21,24217.56,55050.15,391855.3,93382.6
2018,Q3,India,Consumer,318151.91,184391.74,19586.71,17885.44,28680.31,250544.19,67607.71
2018,Q3,India,SMB,424921.29,244480.2,29663.04,21385.7,46329.5,341858.44,83062.84
2018,Q3,India,Enterprise,528633.9,314982.4,52425.07,22508.26,53171.75,443087.49,85546.41
2018,Q4,United States,Consumer,281134.14,168568.83,21369.43,11874.78,23548.6,225361.65,55772.49
2018,Q4,United States,SMB,387059.34,216559.98,32562.95,13346.28,45851.82,308321.03,78738.32
2018,Q4,United States,Enterprise,447701.76,241738.45,41613.5,25688.0,39615.29,348655.23,99046.53
2018,Q4,Canada,Consumer,306090.79,181618.81,28747.52,12663.46,30817.46,253847.26,52243.53
2018,Q4,Canada,SMB,394038.55,233709.62,35127.75,18558.43,33171.98,320567.79,73470.77
2018,Q4,Canada,Enterprise,501070.12,303927.72,45048.65,16533.25,44182.31,409691.92,91378.21
2018,Q4,United Kingdom,Consumer,325688.48,170111.66,32230.53,13455.6,35425.95,251223.75,74464.74
2018,Q4,United Kingdom,SMB,413359.24,231259.2,27263.78,19949.64,42675.03,321147.65,92211.59
2018,Q4,United Kingdom,Enterprise,490742.88,284717.97,47488.73,21607.02,43121.42,396935.14,93807.74
2018,Q4,Germany,Consumer,322954.94,180664.45,18264.86,11266.65,34679.7,244875.66,78079.28
2018,Q4,Germany,SMB,402003.93,247429.33,24996.54,13253.16,44276.79,329955.81,72048.11
2018,Q4,Germany,Enterprise,532823.59,291886.8,32025.04,18954.13,53751.51,396617.48,136206.11
2018,Q4,France,Consumer,336312.37,183607.72,17575.23,14947.32,39810.4,255940.67,80371.7
2018,Q4,France,SMB,428890.94,244275.12,23818.29,16114.76,39368.31,323576.47,105314.47
2018,Q4,France,Enterprise,542594.24,329718.83,51591.0,32304.46,64728.6,478342.89,64251.35
2018,Q4,Australia,Consumer,364838.24,192336.23,20755.53,14277.58,37255.8,264625.13,100213.1
2018,Q4,Australia,SMB,415337.42,251104.57,33574.97,19218.05,35973.39,339870.98,75466.44
2018,Q4,Australia,Enterprise,528462.02,283272.13,48933.82,25116.13,57816.48,415138.56,113323.46
2018,Q4,Japan,Consumer,349741.55,194849.86,24566.81,18466.51,38784.28,276667.46,73074.1
2018,Q4,Japan,SMB,432810.29,265812.12,24251.56,24619.83,36362.91,351046.43,81763.86
2018,Q4,Japan,Enterprise,544544.48,329257.65,32114.29,23092.52,53362.29,437826.76,106717.72
2018,Q4,India,Consumer,357595.62,211347.78,33101.46,20110.2,33461.25,298020.69,59574.93
2018,Q4,India,SMB,461367.78,251371.92,28715.45,16072.96,54257.2,350417.52,110950.25
2018,Q4,India,Enterprise,599177.31,358149.77,45467.42,26794.15,60630.65,491041.99,108135.32
2019,Q1,United States,Consumer,256437.01,144491.05,14511.19,8659.86,30282.64,197944.74,58492.27
2019,Q1,United States,SMB,318640.47,196066.03,18538.13,14859.0,28138.72,257601.89,61038.58
2019,Q1,United States,Enterprise,388304.36,203085.3,21724.72,22329.62,36058.46,283198.09,105106.26
2019,Q1,Canada,Consumer,267247.93,151396.33,18713.39,12281.8,23381.4,205772.92,61475.01
2019,Q1,Canada,SMB,347808.79,209322.04,30287.44,15325.42,29951.58,284886.49,62922.3
2019,Q1,Canada,Enterprise,431692.22,239217.37,22666.14,17385.16,48253.81,327522.48,104169.74
2019,Q1,United Kingdom,Consumer,276493.68,164536.93,24796.44,10052.93,32336.3,231722.61,44771.07
2019,Q1,United Kingdom,SMB,338722.01,197780.25,16975.2,20255.93,30903.59,265914.97,72807.04
2019,Q1,United Kingdom,Enterprise,405862.07,229647.39,22911.52,14030.57,42733.75,309323.24,96538.83
2019,Q1,Germany,Consumer,278237.24,170332.73,18351.92,14408.63,27390.78,230484.07,47753.18
2019,Q1,Germany,SMB,358081.97,207676.63,26368.87,20948.45,33555.34,288549.29,69532.67
2019,Q1,Germany,Enterprise,424360.48,249443.08,39168.63,13243.28,41581.09,343436.08,80924.4
2019,Q1,France,Consumer,302712.55,180102.42,30147.26,13907.35,32208.56,256365.59,46346.96
2019,Q1,France,SMB,354961.49,218213.84,24249.82,18513.13,34120.89,295097.68,59863.81
2019,Q1,France,Enterprise,456574.79,270282.35,34447.06,26121.83,44183.67,375034.91,81539.88
2019,Q1,Australia,Consumer,303763.66,168356.83,21387.34,13123.05,25829.72,228696.94,75066.73
2019,Q1,Australia,SMB,356990.12,209463.59,29550.17,17809.27,28841.47,285664.5,71325.62
2019,Q1,Australia,Enterprise,458243.36,247351.05,40741.3,25578.65,41181.05,354852.06,103391.3
2019,Q1,Japan,Consumer,313310.81,166974.7,19975.95,10702.58,28618.07,226271.3,87039.51
2019,Q1,Japan,SMB,391928.42,239481.07,23565.14,18131.54,42350.08,323527.82,68400.59
2019,Q1,Japan,Enterprise,504547.48,293145.14,31663.05,24603.93,46831.92,396244.04,108303.44
2019,Q1,India,Consumer,332852.91,186386.85,28049.98,10217.53,31954.7,256609.06,76243.86
2019,Q1,India,SMB,411693.57,239203.33,29723.1,23910.39,46998.68,339835.5,71858.07
2019,Q1,India,Enterprise,484702.81,278439.88,36106.1,23733.99,45254.01,383533.98,101168.83
2019,Q2,United States,Consumer,261330.27,159742.62,25138.33,14451.48,31131.8,230464.23,30866.04
2019,Q2,United States,SMB,345083.77,205830.98,30412.06,15328.01,33907.27,285478.33,59605.44
2019,Q2,United States,Enterprise,408145.6,238553.73,26311.52,15401.07,42217.95,322484.26,85661.34
2019,Q2,Canada,Consumer,275283.93,149172.41,24996.55,15365.55,23869.31,213403.83,61880.1
2019,Q2,Canada,SMB,328795.55,182025.49,29550.68,18141.37,28122.92,257840.46,70955.09
2019,Q2,Canada,Enterprise,447455.24,237853.97,31099.54,26828.65,39243.45,335025.6,112429.63
2019,Q2,United Kingdom,Consumer,276311.63,155364.51,22376.66,16022.49,32945.42,226709.09,49602.54
2019,Q2,United Kingdom,SMB,342076.32,182600.25,30628.45,13039.6,39473.54,265741.84,76334.48
2019,Q2,United Kingdom,Enterprise,456760.51,242624.09,41851.35,16119.39,44278.28,344873.12,111887.39
2019,Q2,Germany,Consumer,298047.11,169909.69,25127.8,14777.36,35670.78,245485.62,52561.49
2019,Q2,Germany,SMB,390692.56,223337.82,21394.31,20251.67,46518.42,311502.21,79190.35
2019,Q2,Germany,Enterprise,453846.08,256931.74,32331.47,14315.47,48511.87,352090.56,101755.52
2019,Q2,France,Consumer,300615.61,179992.51,27538.19,16424.71,29059.5,253014.92,47600.69
2019,Q2,France,SMB,374440.61,222748.01,33725.67,16751.62,43330.73,316556.03,57884.58
2019,Q2,France,Enterprise,458769.23,278888.97,25142.74,15876.06,46497.91,366405.68,92363.55
2019,Q2,Australia,Consumer,299789.55,157473.67,14997.25,12917.78,33272.13,218660.83,81128.72
2019,Q2,Australia,SMB,373329.93,218482.29,34031.4,13081.49,32059.54,297654.72,75675.21
2019,Q2,Australia,Enterprise,511113.66,307850.12,39328.71,27894.54,42785.45,417858.82,93254.84
2019,Q2,Japan,Consumer,320110.95,190075.4,20126.21,16828.19,32064.6,259094.4,61016.55
2019,Q2,Japan,SMB,415902.79,235595.6,28445.76,15211.93,36738.84,315992.14,99910.65
2019,Q2,Japan,Enterprise,519946.32,276554.79,28232.63,18348.25,45242.54,368378.2,151568.12
2019,Q2,India,Consumer,344793.94,193033.12,34313.69,11763.11,36596.98,275706.9,69087.05
2019,Q2,India,SMB,413935.01,231510.47,38808.15,24533.05,47567.08,342418.74,71516.27
2019,Q2,India,Enterprise,502814.5,272565.58,41634.9,19445.1,55002.38,388647.96,114166.55
2019,Q3,United States,Consumer,284352.78,163528.69,25997.62,14591.84,23050.52,227168.67,57184.11
2019,Q3,United States,SMB,335474.27,194627.36,24928.96,12682.79,32455.88,264694.98,70779.29
2019,Q3,United States,Enterprise,453546.15,273334.65,35404.34,18849.87,41194.63,368783.48,84762.67
2019,Q3,Canada,Consumer,292624.7,161375.19,22884.64,14718.9,24183.43,223162.17,69462.53
2019,Q3,Canada,SMB,344978.13,186711.73,32678.25,17038.03,29971.15,266399.16,78578.97
2019,Q3,Canada,Enterprise,475615.69,269672.0,35102.62,27617.22,39180.97,371572.81,104042.88
2019,Q3,United Kingdom,Consumer,292147.62,169029.93,17462.93,14720.09,25873.67,227086.62,65060.99
2019,Q3,United Kingdom,SMB,360397.88,194866.6,25637.52,12716.33,30773.54,263993.99,96403.89
2019,Q3,United Kingdom,Enterprise,489749.13,270360.97,33321.52,15504.53,46180.79,365367.82,124381.32
2019,Q3,Germany,Consumer,303161.77,176151.7,18271.41,17174.41,35526.52,247124.03,56037.74
2019,Q3,Germany,SMB,371928.64,197397.52,20741.09,18070.93,31568.84,267778.37,104150.26
2019,Q3,Germany,Enterprise,504959.04,300666.32,45946.45,23117.94,60527.97,430258.68,74700.36
2019,Q3,France,Consumer,304791.08,170721.56,20176.2,17817.89,31416.17,240131.82,64659.25
2019,Q3,France,SMB,414433.72,222565.05,41000.64,18632.6,41338.47,323536.76,90896.96
2019,Q3,France,Enterprise,527077.66,294147.94,36830.21,25058.63,44865.96,400902.74,126174.92
2019,Q3,Australia,Consumer,323949.38,174712.65,17870.4,18136.09,33552.49,244271.63,79677.75
2019,Q3,Australia,SMB,406635.91,228068.64,29105.35,19922.91,47605.18,324702.09,81933.83
2019,Q3,Australia,Enterprise,540736.74,302352.51,35939.05,23539.02,55543.05,417373.64,123363.09
2019,Q3,Japan,Consumer,338622.67,198390.67,26317.74,13416.73,31772.71,269897.84,68724.83
2019,Q3,Japan,SMB,419406.42,222060.59,24452.71,21680.55,40080.1,308273.95,111132.47
2019,Q3,Japan,Enterprise,514717.6,296614.89,45180.36,19416.52,58199.94,419411.71,95305.89
2019,Q3,India,Consumer,366029.14,212201.53,30544.17,11558.2,43125.84,297429.76,68599.38
2019,Q3,India,SMB,431941.01,264516.37,34101.26,13018.08,35221.2,346856.91,85084.1
2019,Q3,India,Enterprise,557144.75,321064.03,28596.36,29140.79,63562.31,442363.48,114781.27
2019,Q4,United States,Consumer,309065.0,175108.73,15537.83,16565.73,28813.71,236026.0,73039.0
2019,Q4,United States,SMB,402505.11,224318.53,31497.59,15339.57,34785.91,305941.61,96563.49
2019,Q4,United States,Enterprise,497639.81,283485.02,38230.88,29342.08,58991.81,410049.78,87590.02
2019,Q4,Canada,Consumer,332172.36,178961.49,26478.67,18716.06,31549.25,255705.47,76466.89
2019,Q4,Canada,SMB,382209.26,229744.57,28317.19,17937.76,45592.13,321591.64,60617.62
2019,Q4,Canada,Enterprise,505435.22,284306.27,34621.92,21495.44,42828.54,383252.17,122183.05
2019,Q4,United Kingdom,Consumer,340921.95,205839.02,21893.96,13334.79,39196.95,280264.71,60657.24
2019,Q4,United Kingdom,SMB,391324.12,223855.3,28638.58,19841.62,33863.49,306198.99,85125.13
2019,Q4,United Kingdom,Enterprise,525550.07,293085.3,42535.78,16398.66,51750.44,403770.18,121779.9
2019,Q4,Germany,Consumer,341637.57,184973.73,19466.91,12180.82,32033.87,248655.33,92982.23
2019,Q4,Germany,SMB,407209.55,250324.74,28606.35,22098.89,48448.44,349478.42,57731.13
2019,Q4,Germany,Enterprise,508075.02,297308.71,47540.81,24909.41,49365.1,419124.03,88950.99
2019,Q4,France,Consumer,348697.47,182574.47,26755.57,20854.3,41267.75,271452.1,77245.38
2019,Q4,France,SMB,417091.99,246326.06,27147.78,23811.65,34120.04,331405.53,85686.46
2019,Q4,France,Enterprise,575171.84,347258.6,32137.85,18287.43,65217.76,462901.65,112270.19
2019,Q4,Australia,Consumer,348253.11,199719.61,33358.21,16376.06,33393.76,282847.64,65405.47
2019,Q4,Australia,SMB,449638.18,236649.84,44261.31,17679.6,39376.86,337967.61,111670.57
2019,Q4,Australia,Enterprise,552209.13,340402.31,30213.74,30934.25,59811.84,461362.15,90846.98
2019,Q4,Japan,Consumer,385881.57,238316.5,35542.68,22497.46,32829.8,329186.45,56695.12
2019,Q4,Japan,SMB,480607.77,276141.64,37090.8,27379.09,57130.88,397742.41,82865.36
2019,Q4,Japan,Enterprise,594966.84,338115.99,43325.6,24744.82,56202.92,462389.33,132577.51
2019,Q4,India,Consumer,378421.61,200175.69,20386.25,20206.24,37025.87,277794.06,100627.55
2019,Q4,India,SMB,501277.92,291353.81,25945.54,17407.23,44229.15,378935.73,122342.19
2019,Q4,India,Enterprise,629548.07,341133.48,47712.05,36567.49,74971.44,500384.46,129163.61
2020,Q1,United States,Consumer,257835.68,135340.98,14871.99,8224.92,22639.25,181077.14,76758.54
2020,Q1,United States,SMB,334361.84,204376.96,25699.37,16310.07,29448.82,275835.21,58526.63
2020,Q1,United States,Enterprise,428486.95,249284.66,39937.92,25051.62,40241.79,354515.99,73970.96
2020,Q1,Canada,Consumer,262244.8,142292.17,18853.32,15307.44,24947.98,201400.91,60843.89
2020,Q1,Canada,SMB,353355.81,202843.08,20897.62,14000.67,37500.83,275242.2,78113.61
2020,Q1,Canada,Enterprise,437097.12,246293.73,26851.87,22579.21,37920.33,333645.14,103451.98
2020,Q1,United Kingdom,Consumer,297153.46,160103.42,16452.09,13350.94,29947.72,219854.16,77299.31
2020,Q1,United Kingdom,SMB,354816.57,199998.3,35389.67,15820.71,35168.66,286377.34,68439.23
2020,Q1,United Kingdom,Enterprise,439328.91,231386.88,34991.6,16184.45,46351.12,328914.05,110414.87
2020,Q1,Germany,Consumer,278262.56,172004.86,20438.46,15833.88,27554.24,235831.44,42431.13
2020,Q1,Germany,SMB,348208.47,209698.58,28695.58,18612.69,33820.37,290827.21,57381.26
2020,Q1,Germany,Enterprise,464169.17,281111.48,37854.51,18766.46,49434.57,387167.02,77002.15
2020,Q1,France,Consumer,307375.97,189361.64,21069.28,13141.08,34575.16,258147.15,49228.82
2020,Q1,France,SMB,377364.1,224024.96,27542.1,13760.53,41437.66,306765.24,70598.87
2020,Q1,France,Enterprise,452376.57,244219.28,36796.88,23712.72,52379.56,357108.43,95268.14
2020,Q1,Australia,Consumer,303017.09,160924.02,29635.78,10494.3,26637.23,227691.32,75325.77
2020,Q1,Australia,SMB,379568.24,217469.5,35733.04,20047.42,41117.22,314367.18,65201.06
2020,Q1,Australia,Enterprise,468287.59,260259.38,34615.93,16119.76,42584.76,353579.83,114707.76
2020,Q1,Japan,Consumer,313094.09,166793.87,24268.54,16015.03,25923.33,233000.77,80093.31
2020,Q1,Japan,SMB,398927.88,238647.08,34866.1,21722.5,39066.86,334302.54,64625.34
2020,Q1,Japan,Enterprise,517224.41,281409.03,35192.22,18253.19,51049.73,385904.18,131320.23
2020,Q1,India,Consumer,324968.9,176813.21,28463.71,12808.78,29543.63,247629.33,77339.57
2020,Q1,India,SMB,394460.45,222429.22,25698.4,16203.72,35280.5,299611.84,94848.62
2020,Q1,India,Enterprise,528634.54,324053.15,39592.93,26056.37,60627.45,450329.9,78304.64
2020,Q2,United States,Consumer,294729.0,171341.19,27848.64,16875.67,32908.87,248974.36,45754.64
2020,Q2,United States,SMB,347844.17,183701.86,17667.1,15415.07,34705.31,251489.35,96354.83
2020,Q2,United States,Enterprise,432244.89,249326.08,33545.72,23816.0,36458.25,343146.05,89098.83
2020,Q2,Canada,Consumer,280304.73,167986.76,25897.87,16774.76,32211.63,242871.03,37433.7
2020,Q2,Canada,SMB,376663.66,207705.45,26397.75,14329.25,39267.93,287700.38,88963.28
2020,Q2,Canada,Enterprise,473246.74,262398.32,36842.3,18404.09,41074.03,358718.74,114528.0
2020,Q2,United Kingdom,Consumer,288565.57,151726.2,28124.95,12144.68,32713.19,224709.02,63856.55
2020,Q2,United Kingdom,SMB,380562.54,205196.32,22366.84,20687.24,34474.58,282724.99,97837.55
2020,Q2,United Kingdom,Enterprise,487545.38,260351.94,40897.95,26539.15,43591.56,371380.6,116164.78
2020,Q2,Germany,Consumer,300506.94,185248.07,19001.02,12891.36,29239.51,246379.96,54126.98
2020,Q2,Germany,SMB,374657.03,223887.21,33191.79,15491.9,42487.99,315058.89,59598.14
2020,Q2,Germany,Enterprise,466216.08,242633.1,36625.17,27890.13,38017.95,345166.36,121049.72
2020,Q2,France,Consumer,307430.01,175816.6,27821.51,10044.13,29454.68,243136.91,64293.1
2020,Q2,France,SMB,407710.44,227157.64,24235.05,14622.48,39304.08,305319.25,102391.19
2020,Q2,France,Enterprise,495100.84,300120.94,40654.03,25107.58,59075.18,424957.73,70143.11
2020,Q2,Australia,Consumer,323951.15,181521.31,31153.52,12108.08,35373.07,260155.99,63795.16
2020,Q2,Australia,SMB,420277.29,222654.0,30853.22,15137.07,36738.54,305382.83,114894.46
2020,Q2,Australia,Enterprise,509081.79,279456.87,45717.08,29133.81,57072.56,411380.32,97701.47
2020,Q2,Japan,Consumer,328014.07,179559.31,20578.43,11169.25,38624.29,249931.28,78082.79
2020,Q2,Japan,SMB,416282.12,225820.12,38436.81,17473.8,33887.31,315618.04,100664.08
2020,Q2,Japan,Enterprise,506529.43,295775.21,45154.7,18401.22,59109.87,418441.0,88088.43
2020,Q2,India,Consumer,359460.92,217415.65,22064.81,11328.8,41229.07,292038.33,67422.59
2020,Q2,India,SMB,423505.35,246434.22,37267.77,14335.15,47108.0,345145.14,78360.22
2020,Q2,India,Enterprise,566838.59,336043.17,40847.03,31913.21,57306.42,466109.83,100728.76
2020,Q3,United States,Consumer,301305.53,181401.17,26354.48,11641.13,25524.72,244921.52,56384.02
2020,Q3,United States,SMB,356299.77,203193.3,26816.49,16916.87,34134.97,281061.64,75238.13
2020,Q3,United States,Enterprise,472903.7,289093.3,29479.04,24636.25,50656.91,393865.5,79038.19
2020,Q3,Canada,Consumer,304214.6,163926.96,27306.79,17893.53,33120.89,242248.18,61966.42
2020,Q3,Canada,SMB,396657.69,245300.46,26815.06,19494.42,39252.18,330862.12,65795.56
2020,Q3,Canada,Enterprise,499390.9,264367.95,35266.36,28098.81,45625.38,373358.5,126032.4
2020,Q3,United Kingdom,Consumer,323325.09,180505.39,32008.84,18269.77,29762.98,260546.98,62778.11
2020,Q3,United Kingdom,SMB,403401.6,223357.68,32400.47,20071.01,45658.53,321487.69,81913.91
2020,Q3,United Kingdom,Enterprise,464275.41,251644.6,39740.07,21777.16,46345.92,359507.75,104767.66
2020,Q3,Germany,Consumer,307708.3,170725.05,28695.34,9516.43,29496.13,238432.96,69275.34
2020,Q3,Germany,SMB,424018.55,222647.08,37095.38,15997.53,48619.81,324359.81,99658.74
2020,Q3,Germany,Enterprise,519010.61,315854.55,31553.89,23842.72,57698.82,428949.99,90060.62
2020,Q3,France,Consumer,324177.55,176052.6,16649.47,19047.2,35141.07,246890.34,77287.21
2020,Q3,France,SMB,423008.35,251435.94,32394.25,18732.51,41446.9,344009.61,78998.75
2020,Q3,France,Enterprise,529038.67,285762.09,49942.8,28754.61,49720.4,414179.91,114858.77
2020,Q3,Australia,Consumer,346417.92,185022.76,34162.8,19775.88,40487.91,279449.35,66968.57
2020,Q3,Australia,SMB,421441.61,226277.68,25534.56,13781.16,35740.11,301333.51,120108.1
2020,Q3,Australia,Enterprise,511479.45,316596.73,27467.92,17378.16,57843.3,419286.12,92193.33
2020,Q3,Japan,Consumer,356570.86,213030.31,29076.79,20133.86,37632.03,299872.99,56697.88
2020,Q3,Japan,SMB,442903.14,261877.54,32052.74,17885.28,43717.24,355532.8,87370.34
2020,Q3,Japan,Enterprise,532325.75,319212.95,33555.25,18421.64,47831.65,419021.49,113304.26
2020,Q3,India,Consumer,377078.83,208532.18,31788.69,21000.38,31338.94,292660.19,84418.64
2020,Q3,India,SMB,467517.16,257492.81,28439.59,23687.71,54415.19,364035.31,103481.85
2020,Q3,India,Enterprise,555180.62,320274.47,35804.55,25887.28,58224.28,440190.57,114990.05
2020,Q4,United States,Consumer,325272.24,189423.8,18460.5,16525.85,34800.88,259211.03,66061.21
2020,Q4,United States,SMB,409767.36,216114.19,29643.37,17321.3,34202.65,297281.51,112485.85
2020,Q4,United States,Enterprise,486913.54,274666.11,42432.23,18070.27,55113.74,390282.35,96631.19
2020,Q4,Canada,Consumer,334013.44,199086.1,24592.67,15022.53,35000.86,273702.16,60311.28
2020,Q4,Canada,SMB,434894.34,247533.71,33240.23,20900.98,47621.19,349296.11,85598.23
2020,Q4,Canada,Enterprise,494957.74,282902.37,36666.26,28534.59,49367.22,397470.43,97487.3
2020,Q4,United Kingdom,Consumer,342113.61,210817.25,24813.1,12119.9,30337.49,278087.73,64025.88
2020,Q4,United Kingdom,SMB,410116.16,213283.7,29363.2,21767.85,44841.55,309256.3,100859.85
2020,Q4,United Kingdom,Enterprise,508944.09,293659.87,29373.28,29636.98,44122.7,396792.83,112151.26
2020,Q4,Germany,Consumer,359170.9,198486.4,29480.05,15217.27,39647.34,282831.06,76339.84
2020,Q4,Germany,SMB,429772.04,262409.86,32237.41,22641.59,48989.37,366278.24,63493.8
2020,Q4,Germany,Enterprise,583753.84,316624.91,37561.42,21898.35,52838.39,428923.08,154830.76
2020,Q4,France,Consumer,368512.65,228239.14,36672.13,16879.06,38900.6,320690.92,47821.72
2020,Q4,France,SMB,474508.08,291012.65,28562.08,21759.16,53768.16,395102.05,79406.03
2020,Q4,France,Enterprise,558359.69,314904.2,55434.54,33251.1,64906.12,468495.96,89863.73
2020,Q4,Australia,Consumer,388461.59,212454.71,25654.98,18031.8,39790.55,295932.03,92529.56
2020,Q4,Australia,SMB,470500.1,274615.39,33130.81,24689.6,43917.42,376353.22,94146.88
2020,Q4,Australia,Enterprise,576878.03,307315.96,34287.1,32025.74,56448.26,430077.06,146800.96
2020,Q4,Japan,Consumer,375599.11,223832.32,29183.7,11506.36,34800.93,299323.31,76275.8
2020,Q4,Japan,SMB,466804.73,273354.91,29759.53,14913.67,38370.13,356398.24,110406.49
2020,Q4,Japan,Enterprise,610301.57,318682.6,56416.04,21154.22,63631.66,459884.52,150417.05
2020,Q4,India,Consumer,395676.5,223274.37,21204.25,21399.2,45788.51,311666.33,84010.16
2020,Q4,India,SMB,470975.89,253319.29,44834.65,21893.22,40504.67,360551.84,110424.06
2020,Q4,India,Enterprise,601775.96,352639.89,51897.67,28874.9,71085.35,504497.8,97278.16
2021,Q1,United States,Consumer,275399.98,151477.48,20341.5,11233.56,24504.16,207556.7,67843.28
2021,Q1,United States,SMB,327354.98,181754.44,28011.92,10001.72,31939.09,251707.17,75647.81
2021,Q1,United States,Enterprise,437379.34,254135.07,38853.47,23756.52,47441.76,364186.82,73192.52
2021,Q1,Canada,Consumer,272584.58,154692.36,21853.19,10185.66,22270.73,209001.94,63582.64
2021,Q1,Canada,SMB,345440.3,195342.84,24421.43,12194.05,39026.68,270984.99,74455.31
2021,Q1,Canada,Enterprise,466017.88,251712.49,44960.77,14230.24,54523.39,365426.9,100590.98
2021,Q1,United Kingdom,Consumer,308929.41,161015.61,27232.43,18259.6,35908.75,242416.38,66513.03
2021,Q1,United Kingdom,SMB,386918.17,222490.47,20857.91,21471.51,40453.51,305273.39,81644.78
2021,Q1,United Kingdom,Enterprise,465726.99,261610.66,36602.46,16117.6,51039.39,365370.11,100356.88
2021,Q1,Germany,Consumer,289633.55,171746.35,26776.31,12794.29,29077.24,240394.19,49239.36
2021,Q1,Germany,SMB,371899.77,229442.02,32227.43,15273.8,32352.41,309295.66,62604.11
2021,Q1,Germany,Enterprise,460062.38,260575.75,44685.13,23934.46,40766.01,369961.36,90101.01
2021,Q1,France,Consumer,325482.32,181560.56,30135.14,12124.54,34093.11,257913.35,67568.97
2021,Q1,France,SMB,409728.2,223625.31,34681.99,24427.74,35246.43,317981.47,91746.73
2021,Q1,France,Enterprise,467265.75,274481.02,31300.64,15016.68,46265.02,367063.35,100202.39
2021,Q1,Australia,Consumer,331511.93,181838.35,22129.2,18356.14,33417.36,255741.05,75770.88
2021,Q1,Australia,SMB,418315.81,236197.4,40848.02,20716.6,35404.56,333166.58,85149.23
2021,Q1,Australia,Enterprise,525231.52,298818.14,29981.24,18162.88,56463.1,403425.35,121806.16
2021,Q1,Japan,Consumer,315502.36,173103.33,17980.28,13639.9,30469.37,235192.89,80309.48
2021,Q1,Japan,SMB,415927.88,227913.35,21462.79,20144.05,39491.82,309012.01,106915.88
2021,Q1,Japan,Enterprise,527259.17,279904.33,26726.17,19745.24,51809.48,378185.23,149073.94
2021,Q1,India,Consumer,337384.66,202778.39,23243.06,15490.42,35000.5,276512.37,60872.29
2021,Q1,India,SMB,404346.8,231089.59,27188.91,17240.7,33969.78,309488.98,94857.82
2021,Q1,India,Enterprise,549857.24,337744.55,28105.1,26415.79,60788.79,453054.22,96803.02
2021,Q2,United States,Consumer,283250.75,169597.96,23118.29,16393.1,33774.87,242884.23,40366.52
2021,Q2,United States,SMB,344440.63,194434.59,26642.27,11849.55,32188.47,265114.89,79325.75
2021,Q2,United States,Enterprise,477447.19,249047.46,34674.79,26393.11,44381.61,354496.96,122950.23
2021,Q2,Canada,Consumer,299309.13,184914.55,22072.21,10154.85,24563.96,241705.56,57603.56
2021,Q2,Canada,SMB,393245.84,214940.68,29573.34,12867.42,38123.69,295505.14,97740.71
2021,Q2,Canada,Enterprise,490771.83,279858.36,48368.88,18534.03,49166.41,395927.69,94844.14
2021,Q2,United Kingdom,Consumer,322055.16,181904.88,20603.28,17926.96,30787.05,251222.17,70832.99
2021,Q2,United Kingdom,SMB,388629.48,240038.05,23055.12,15172.88,31573.34,309839.39,78790.09
2021,Q2,United Kingdom,Enterprise,478426.96,258359.33,40188.7,16955.28,51188.1,366691.42,111735.54
2021,Q2,Germany,Consumer,311473.01,173030.04,21006.68,16041.65,30730.04,240808.42,70664.59
2021,Q2,Germany,SMB,393620.74,238243.79,30937.62,14333.67,45661.44,329176.52,64444.23
2021,Q2,Germany,Enterprise,491006.15,257237.11,36692.9,16555.82,43964.03,354449.85,136556.3
2021,Q2,France,Consumer,338555.76,180475.67,30587.57,19672.53,35298.26,266034.03,72521.73
2021,Q2,France,SMB,421537.2,249279.67,42002.13,16965.25,36468.98,344716.04,76821.16
2021,Q2,France,Enterprise,516143.05,295917.71,30398.57,24977.86,41583.06,392877.19,123265.86
2021,Q2,Australia,Consumer,355422.38,194223.2,18474.15,11816.9,31849.38,256363.63,99058.75
2021,Q2,Australia,SMB,413908.76,216590.59,26476.81,14813.07,39381.28,297261.75,116647.01
2021,Q2,Australia,Enterprise,523846.5,290158.98,34781.41,17125.56,42435.86,384501.81,139344.68
2021,Q2,Japan,Consumer,338025.82,201350.13,33647.26,19556.75,33859.63,288413.77,49612.05
2021,Q2,Japan,SMB,438294.37,241701.01,38875.38,23204.49,49865.14,353646.02,84648.35
2021,Q2,Japan,Enterprise,569600.61,320932.88,50320.67,30867.77,52596.0,454717.33,114883.29
2021,Q2,India,Consumer,376188.5,199167.04,37511.06,19976.63,31498.58,288153.3,88035.19
2021,Q2,India,SMB,456814.59,239104.95,40432.36,24657.34,47552.76,351747.41,105067.18
2021,Q2,India,Enterprise,583346.75,309050.3,37215.3,24748.68,47658.45,418672.72,164674.03
2021,Q3,United States,Consumer,302860.99,165520.0,21090.26,12948.24,34882.46,234440.95,68420.04
2021,Q3,United States,SMB,371163.76,226177.66,26463.44,14785.02,37153.67,304579.79,66583.97
2021,Q3,United States,Enterprise,471632.96,257387.66,35435.65,16296.83,44369.91,353490.06,118142.9
2021,Q3,Canada,Consumer,317239.1,178079.26,28930.82,11960.44,37685.11,256655.62,60583.48
2021,Q3,Canada,SMB,405983.32,250393.99,37312.64,13910.25,41028.03,342644.9,63338.41
2021,Q3,Canada,Enterprise,474365.18,285483.75,37573.57,17980.09,55587.99,396625.4,77739.78
2021,Q3,United Kingdom,Consumer,311651.09,179631.4,26818.21,9899.74,32384.99,248734.33,62916.76
2021,Q3,United Kingdom,SMB,420755.28,221633.99,31814.21,15886.34,44817.58,314152.12,106603.16
2021,Q3,United Kingdom,Enterprise,487149.09,298965.9,46150.76,17332.39,45271.07,407720.13,79428.96
2021,Q3,Germany,Consumer,338958.7,200597.87,24450.04,11758.05,28528.82,265334.78,73623.92
2021,Q3,Germany,SMB,442629.32,250322.47,41441.87,19684.29,51740.85,363189.48,79439.84
2021,Q3,Germany,Enterprise,500921.15,266190.46,48329.68,29266.21,46379.64,390165.99,110755.16
2021,Q3,France,Consumer,340635.07,192542.28,24119.72,12161.13,39491.53,268314.66,72320.41
2021,Q3,France,SMB,420970.38,248594.48,22462.05,13118.51,44685.68,328860.71,92109.67
2021,Q3,France,Enterprise,531286.37,311092.58,29061.93,31077.88,58409.93,429642.32,101644.05
2021,Q3,Australia,Consumer,371187.8,198083.28,24501.38,15237.38,37670.7,275492.74,95695.06
2021,Q3,Australia,SMB,435724.2,229218.41,29822.67,16399.13,41584.15,317024.36,118699.85
2021,Q3,Australia,Enterprise,538563.85,294157.99,43810.89,22428.28,50525.55,410922.71,127641.14
2021,Q3,Japan,Consumer,368250.87,219914.28,25388.47,17538.16,43692.27,306533.18,61717.69
2021,Q3,Japan,SMB,459714.97,280876.54,41228.91,14601.26,44667.72,381374.44,78340.53
2021,Q3,Japan,Enterprise,585708.13,362360.74,42709.14,19201.6,60023.58,484295.07,101413.06
2021,Q3,India,Consumer,361852.47,215357.21,27277.83,18708.84,41531.43,302875.3,58977.17
2021,Q3,India,SMB,478247.13,277978.24,41955.91,26434.46,54884.67,401253.29,76993.84
2021,Q3,India,Enterprise,559578.96,322104.3,34029.94,31230.31,59279.5,446644.05,112934.91
2021,Q4,United States,Consumer,330682.77,178175.32,22139.6,16902.3,29157.75,246374.97,84307.8
2021,Q4,United States,SMB,398445.24,242574.61,35147.06,14341.58,36534.42,328597.67,69847.57
2021,Q4,United States,Enterprise,548175.56,323872.23,44142.44,21504.3,50412.97,439931.94,108243.62
2021,Q4,Canada,Consumer,327581.72,194206.23,17086.26,9875.19,35765.31,256932.98,70648.74
2021,Q4,Canada,SMB,452395.89,269469.75,33288.2,20168.42,44083.92,367010.29,85385.59
2021,Q4,Canada,Enterprise,528667.51,302488.44,37830.15,25346.98,61285.68,426951.25,101716.26
2021,Q4,United Kingdom,Consumer,375647.43,198294.64,26007.64,13305.88,35342.72,272950.88,102696.56
2021,Q4,United Kingdom,SMB,435064.7,233827.14,38374.36,19529.47,50802.43,342533.4,92531.3
2021,Q4,United Kingdom,Enterprise,528298.1,278253.45,37067.34,17121.25,47815.83,380257.87,148040.23
2021,Q4,Germany,Consumer,387274.78,209475.36,23200.04,18282.94,38696.47,289654.81,97619.97
2021,Q4,Germany,SMB,463688.55,258586.83,42352.44,15838.4,45040.71,361818.39,101870.16
2021,Q4,Germany,Enterprise,586485.64,355893.35,40161.7,27583.81,48540.83,472179.7,114305.94
2021,Q4,France,Consumer,365406.88,192537.93,31568.98,14119.98,39811.01,278037.9,87368.98
2021,Q4,France,SMB,451368.75,273644.46,41425.05,14745.25,36538.42,366353.18,85015.57
2021,Q4,France,Enterprise,563555.52,341155.67,34791.2,26176.14,54692.93,456815.94,106739.58
2021,Q4,Australia,Consumer,403088.38,229312.88,30244.95,24053.4,34667.69,318278.92,84809.47
2021,Q4,Australia,SMB,505739.74,265601.86,37365.29,28619.83,53916.19,385503.16,120236.58
2021,Q4,Australia,Enterprise,622459.46,340069.35,44150.26,25519.24,62779.85,472518.7,149940.76
2021,Q4,Japan,Consumer,400169.89,221169.83,26120.7,15016.61,37856.83,300163.97,100005.92
2021,Q4,Japan,SMB,483043.82,293309.24,38694.69,16430.06,52050.08,400484.08,82559.74
2021,Q4,Japan,Enterprise,651753.22,354393.14,37495.38,19721.09,53372.08,464981.69,186771.53
2021,Q4,India,Consumer,425064.39,262995.26,22207.07,22291.28,35226.99,342720.61,82343.79
2021,Q4,India,SMB,521713.21,310736.31,35455.74,15822.54,54157.78,416172.38,105540.83
2021,Q4,India,Enterprise,680345.17,371306.36,40463.23,22939.73,69538.23,504247.55,176097.61
2022,Q1,United States,Consumer,288676.69,172982.89,25303.57,16389.98,32398.45,247074.89,41601.8
2022,Q1,United States,SMB,347198.94,199843.45,22523.0,13851.0,40718.72,276936.18,70262.76
2022,Q1,United States,Enterprise,455231.92,281087.07,32251.19,20996.72,45288.57,379623.55,75608.37
2022,Q1,Canada,Consumer,282702.34,153696.84,21593.32,9052.48,33149.25,217491.88,65210.46
2022,Q1,Canada,SMB,354047.06,191113.92,31250.34,11650.99,41073.4,275088.65,78958.41
2022,Q1,Canada,Enterprise,472964.19,249186.9,40009.15,23151.06,52165.1,364512.21,108451.98
2022,Q1,United Kingdom,Consumer,316099.32,187078.66,25069.46,12540.89,34104.25,258793.27,57306.05
2022,Q1,United Kingdom,SMB,400500.16,231790.34,33328.52,17267.1,44153.07,326539.03,73961.13
2022,Q1,United Kingdom,Enterprise,502748.9,269492.98,30225.4,23218.52,49900.35,372837.25,129911.65
2022,Q1,Germany,Consumer,317343.14,166575.76,22281.87,15070.42,32815.71,236743.77,80599.37
2022,Q1,Germany,SMB,400373.65,237029.85,32861.61,21502.99,42035.4,333429.85,66943.8
2022,Q1,Germany,Enterprise,494014.4,286834.47,27200.27,18868.73,49942.88,382846.34,111168.06
2022,Q1,France,Consumer,337867.24,198633.89,18420.66,16139.33,30026.1,263219.97,74647.26
2022,Q1,France,SMB,416162.01,250839.19,33156.8,19867.94,38929.32,342793.25,73368.77
2022,Q1,France,Enterprise,504226.97,305768.7,43447.23,22989.02,47765.07,419970.02,84256.95
2022,Q1,Australia,Consumer,317899.19,169853.77,18963.09,13097.93,37437.64,239352.42,78546.77
2022,Q1,Australia,SMB,418177.55,227272.82,23119.99,16789.48,47099.01,314281.3,103896.25
2022,Q1,Australia,Enterprise,515756.68,308035.98,46487.86,17187.4,53817.35,425528.58,90228.1
2022,Q1,Japan,Consumer,361382.28,202451.35,18989.63,20851.43,41684.24,283976.64,77405.65
2022,Q1,Japan,SMB,431157.23,248012.55,26122.55,23534.08,43091.58,340760.76,90396.47
2022,Q1,Japan,Enterprise,510213.9,300159.6,49758.52,27997.74,46474.33,424390.19,85823.72
2022,Q1,India,Consumer,336531.66,206642.26,32594.15,15471.19,35568.94,290276.54,46255.12
2022,Q1,India,SMB,440477.42,247537.98,24654.59,14492.85,39338.72,326024.13,114453.29
2022,Q1,India,Enterprise,573230.74,306439.54,35159.07,26631.4,50791.25,419021.26,154209.48
2022,Q2,United States,Consumer,289611.46,166912.24,19810.77,14128.63,33736.32,234587.97,55023.49
2022,Q2,United States,SMB,361511.86,221007.88,34388.63,19837.11,38049.64,313283.26,48228.6
2022,Q2,United States,Enterprise,476016.04,277955.89,40235.15,14515.86,56323.98,389030.88,86985.17
2022,Q2,Canada,Consumer,313860.44,187734.55,21613.71,9532.54,31508.26,250389.06,63471.38
2022,Q2,Canada,SMB,388989.64,219273.04,26056.8,14585.08,39327.55,299242.48,89747.16
2022,Q2,Canada,Enterprise,479222.21,295676.84,28104.64,18972.39,43972.67,386726.55,92495.67
2022,Q2,United Kingdom,Consumer,322720.58,183927.5,26523.44,18879.17,29499.51,258829.63,63890.95
2022,Q2,United Kingdom,SMB,409968.85,214210.37,25877.0,18002.38,33305.78,291395.54,118573.31
2022,Q2,United Kingdom,Enterprise,508335.61,298815.46,44396.3,23127.86,52947.11,419286.73,89048.87
2022,Q2,Germany,Consumer,327678.46,171744.57,18021.53,16269.2,39263.16,245298.45,82380.01
2022,Q2,Germany,SMB,392354.14,225901.17,34350.78,21502.28,39944.87,321699.09,70655.04
2022,Q2,Germany,Enterprise,524686.42,309393.15,48768.72,17665.5,61413.12,437240.5,87445.93
2022,Q2,France,Consumer,323973.05,195556.6,17441.74,11610.82,25968.31,250577.48,73395.57
2022,Q2,France,SMB,424565.75,234969.94,24752.03,18482.5,40798.58,319003.04,105562.71
2022,Q2,France,Enterprise,549547.69,334846.57,45408.23,18537.51,50457.07,449249.38,100298.31
2022,Q2,Australia,Consumer,367872.85,194558.18,25877.2,21437.84,43418.78,285292.01,82580.84
2022,Q2,Australia,SMB,435662.96,255620.75,31732.51,22917.53,35403.39,345674.18,89988.78
2022,Q2,Australia,Enterprise,528505.03,307283.33,32570.5,26415.51,49705.33,415974.67,112530.36
2022,Q2,Japan,Consumer,377530.18,227245.21,28179.57,20079.64,34296.92,309801.34,67728.84
2022,Q2,Japan,SMB,452468.04,244218.81,42099.58,24746.4,52525.2,363589.98,88878.06
2022,Q2,Japan,Enterprise,589322.96,362999.15,36194.34,34154.05,60611.0,493958.54,95364.42
2022,Q2,India,Consumer,369293.43,212726.83,24790.71,14275.62,33108.11,284901.27,84392.16
2022,Q2,India,SMB,444287.82,253091.44,41935.48,21727.7,44801.55,361556.17,82731.65
2022,Q2,India,Enterprise,577409.4,327067.88,34912.41,31577.41,50774.68,444332.37,133077.03
2022,Q3,United States,Consumer,323216.76,192636.71,25451.2,18063.87,29620.24,265772.02,57444.75
2022,Q3,United States,SMB,411148.22,243786.66,36977.64,20531.67,46810.75,348106.72,63041.5
2022,Q3,United States,Enterprise,519954.86,292223.1,47157.71,27213.08,51015.27,417609.17,102345.7
2022,Q3,Canada,Consumer,341751.67,191190.44,26750.03,11338.73,30426.5,259705.7,82045.98
2022,Q3,Canada,SMB,423336.71,236922.62,29508.35,15824.09,42191.6,324446.66,98890.05
2022,Q3,Canada,Enterprise,527223.33,321351.27,28209.46,24908.47,52032.16,426501.37,100721.96
2022,Q3,United Kingdom,Consumer,341476.48,192841.18,23880.22,15078.38,35267.68,267067.45,74409.02
2022,Q3,United Kingdom,SMB,421617.74,239147.67,38321.58,22079.88,39486.67,339035.81,82581.93
2022,Q3,United Kingdom,Enterprise,544302.1,329501.48,31392.41,25843.72,49756.0,436493.61,107808.48
2022,Q3,Germany,Consumer,357131.98,194236.42,29845.58,13447.35,35872.39,273401.74,83730.24
2022,Q3,Germany,SMB,456389.06,254724.77,42803.33,27204.59,52482.02,377214.71,79174.35
2022,Q3,Germany,Enterprise,523896.33,315367.69,27036.96,21898.37,60158.67,424461.69,99434.64
2022,Q3,France,Consumer,366197.3,209931.41,25411.6,19909.75,39689.32,294942.08,71255.22
2022,Q3,France,SMB,446930.35,272291.61,27485.05,15692.5,47245.97,362715.14,84215.21
2022,Q3,France,Enterprise,589562.84,321150.01,36837.96,20154.19,67459.28,445601.43,143961.41
2022,Q3,Australia,Consumer,358481.85,204448.6,35684.58,10885.02,36658.15,287676.36,70805.49
2022,Q3,Australia,SMB,462557.02,277878.7,31344.75,19570.9,40111.8,368906.14,93650.88
2022,Q3,Australia,Enterprise,592639.17,354677.29,33681.56,24774.52,68577.95,481711.32,110927.85
2022,Q3,Japan,Consumer,359611.69,197741.81,27960.57,14392.67,32682.16,272777.21,86834.48
2022,Q3,Japan,SMB,473310.77,254713.28,36199.4,24233.93,48756.59,363903.21,109407.56
2022,Q3,Japan,Enterprise,567773.11,343185.27,33356.04,30060.38,53610.62,460212.3,107560.8
2022,Q3,India,Consumer,403179.05,217969.6,23921.87,18107.08,32785.49,292784.04,110395.02
2022,Q3,India,SMB,474146.49,280884.96,43559.45,15373.52,54661.08,394479.01,79667.48
2022,Q3,India,Enterprise,630954.17,382969.26,53581.53,31689.42,63728.72,531968.93,98985.24
2022,Q4,United States,Consumer,351583.21,215137.62,19346.25,13878.02,29145.62,277507.51,74075.7
2022,Q4,United States,SMB,453294.68,255896.88,37971.24,25037.1,54232.18,373137.39,80157.28
2022,Q4,United States,Enterprise,520311.36,312161.46,49102.38,16372.25,57319.38,434955.47,85355.89
2022,Q4,Canada,Consumer,351903.13,205813.95,26639.91,13299.22,30055.64,275808.73,76094.4
2022,Q4,Canada,SMB,428245.89,227112.62,35068.84,17362.08,37970.57,317514.11,110731.77
2022,Q4,Canada,Enterprise,570467.59,335825.69,43902.28,33114.92,54432.06,467274.95,103192.64
2022,Q4,United Kingdom,Consumer,382956.44,202014.86,33313.98,22844.66,43604.92,301778.42,81178.02
2022,Q4,United Kingdom,SMB,465748.12,271380.53,31514.6,23466.51,51612.26,377973.91,87774.21
2022,Q4,United Kingdom,Enterprise,608626.22,346458.22,32296.87,29138.43,51587.75,459481.27,149144.95
2022,Q4,Germany,Consumer,370518.02,204851.26,32068.89,13158.67,32098.02,282176.84,88341.19
2022,Q4,Germany,SMB,452727.99,274952.57,38334.87,14124.39,36730.59,364142.41,88585.58
2022,Q4,Germany,Enterprise,599397.23,328621.59,47853.67,25796.93,70089.02,472361.21,127036.02
2022,Q4,France,Consumer,383828.67,225658.45,20228.81,22521.46,45764.01,314172.73,69655.93
2022,Q4,France,SMB,504047.0,285553.33,30746.7,27407.8,55170.04,398877.88,105169.12
2022,Q4,France,Enterprise,595306.63,336420.59,43540.7,32618.23,63908.42,476487.94,118818.69
2022,Q4,Australia,Consumer,411086.02,240478.22,26113.62,16916.74,33637.73,317146.31,93939.7
2022,Q4,Australia,SMB,521819.04,293940.57,37525.01,19495.52,46116.85,397077.94,124741.09
2022,Q4,Australia,Enterprise,638490.92,346863.58,33974.38,33856.12,60694.17,475388.25,163102.67
2022,Q4,Japan,Consumer,411072.17,231487.82,37305.72,16288.78,45350.08,330432.4,80639.77
2022,Q4,Japan,SMB,545714.27,319835.94,39064.44,28613.81,53652.39,441166.58,104547.69
2022,Q4,Japan,Enterprise,644735.92,369129.57,42479.15,21358.49,62277.67,495244.88,149491.04
2022,Q4,India,Consumer,410687.02,230413.55,31970.62,23787.54,33450.0,319621.72,91065.3
2022,Q4,India,SMB,542518.79,306942.76,27675.54,20337.1,45972.72,400928.13,141590.66
2022,Q4,India,Enterprise,648506.26,355029.31,45437.8,29747.75,51906.18,482121.03,166385.23
2023,Q1,United States,Consumer,284798.1,150759.76,22067.2,11355.54,29031.15,213213.66,71584.44
2023,Q1,United States,SMB,358423.5,187248.66,34791.58,11917.31,30492.65,264450.19,93973.31
2023,Q1,United States,Enterprise,444222.05,274585.93,35930.02,21459.79,53070.29,385046.02,59176.02
2023,Q1,Canada,Consumer,292049.15,180325.77,17581.55,14220.5,28271.33,240399.16,51649.99
2023,Q1,Canada,SMB,377426.23,231409.21,21687.43,22612.39,35917.77,311626.8,65799.44
2023,Q1,Canada,Enterprise,485633.64,299534.3,25680.33,28014.23,49880.62,403109.48,82524.16
2023,Q1,United Kingdom,Consumer,322975.1,172765.33,24762.3,16215.1,31732.27,245475.0,77500.11
2023,Q1,United Kingdom,SMB,379972.65,206861.63,35230.93,11792.12,41171.74,295056.42,84916.23
2023,Q1,United Kingdom,Enterprise,520586.05,271094.3,30221.21,26146.08,42896.1,370357.69,150228.35
2023,Q1,Germany,Consumer,329193.59,193697.51,26140.38,13482.3,35517.12,268837.31,60356.28
2023,Q1,Germany,SMB,411692.89,222628.58,32176.59,23243.03,43916.65,321964.85,89728.04
2023,Q1,Germany,Enterprise,507786.48,280378.58,27569.92,18960.14,40850.14,367758.78,140027.71
2023,Q1,France,Consumer,353972.05,191940.71,32120.77,12410.03,32333.24,268804.75,85167.3
2023,Q1,France,SMB,416332.39,229998.9,37435.58,24451.54,47883.13,339769.15,76563.24
2023,Q1,France,Enterprise,505201.89,301943.44,28997.25,28999.31,50881.48,410821.48,94380.41
2023,Q1,Australia,Consumer,339955.05,182114.78,17198.48,12727.38,39625.43,251666.07,88288.97
2023,Q1,Australia,SMB,446770.86,275648.4,24589.41,21340.17,40337.16,361915.15,84855.71
2023,Q1,Australia,Enterprise,543407.99,299985.93,34872.27,25657.2,47457.3,407972.71,135435.28
2023,Q1,Japan,Consumer,355032.8,207723.03,20027.08,20562.73,35584.58,283897.42,71135.39
2023,Q1,Japan,SMB,460868.81,269788.24,39404.3,23727.34,53001.75,385921.64,74947.17
2023,Q1,Japan,Enterprise,563540.49,308719.72,30980.91,27155.62,46578.94,413435.19,150105.31
2023,Q1,India,Consumer,355945.75,187252.64,27566.0,12390.52,37166.54,264375.7,91570.06
2023,Q1,India,SMB,472475.74,284519.25,30936.38,21955.3,48438.42,385849.35,86626.39
2023,Q1,India,Enterprise,570674.07,334136.17,34528.27,33885.08,47892.79,450442.31,120231.76
2023,Q2,United States,Consumer,322526.55,186874.98,20074.94,16890.8,26892.02,250732.73,71793.82
2023,Q2,United States,SMB,400824.0,232076.51,22260.77,12980.75,44104.05,311422.08,89401.93
2023,Q2,United States,Enterprise,475395.91,289482.92,41884.12,24219.38,43329.6,398916.01,76479.89
2023,Q2,Canada,Consumer,329283.8,202448.54,17971.65,13100.52,29433.66,262954.36,66329.44
2023,Q2,Canada,SMB,397700.31,236326.75,29315.34,18740.4,36813.6,321196.1,76504.21
2023,Q2,Canada,Enterprise,483253.68,264191.58,44934.87,23231.22,45966.87,378324.54,104929.14
2023,Q2,United Kingdom,Consumer,343086.05,180616.19,21509.63,12660.94,40969.48,255756.23,87329.82
2023,Q2,United Kingdom,SMB,425044.66,247281.89,21358.17,15101.54,44808.91,328550.51,96494.15
2023,Q2,United Kingdom,Enterprise,512744.64,314019.19,45242.64,22264.15,56391.96,437917.95,74826.69
2023,Q2,Germany,Consumer,361002.63,204362.89,29647.81,20779.29,32471.1,287261.09,73741.54
2023,Q2,Germany,SMB,447082.12,236843.75,36849.59,23912.25,46757.75,344363.34,102718.78
2023,Q2,Germany,Enterprise,535905.46,311754.81,30859.14,19542.93,48658.06,410814.94,125090.52
2023,Q2,France,Consumer,357546.02,201723.93,22247.87,20195.73,33951.45,278118.98,79427.04
2023,Q2,France,SMB,439587.94,246595.69,25978.39,22836.07,43052.51,338462.66,101125.27
2023,Q2,France,Enterprise,523483.56,322675.98,47526.12,27067.65,60076.9,457346.65,66136.91
2023,Q2,Australia,Consumer,380596.92,210755.15,30656.3,18369.22,34517.09,294297.76,86299.16
2023,Q2,Australia,SMB,441604.76,234664.68,36638.05,23593.87,48770.0,343666.6,97938.17
2023,Q2,Australia,Enterprise,557883.7,301550.64,40547.38,25888.26,65140.45,433126.72,124756.98
2023,Q2,Japan,Consumer,390369.54,238752.29,36114.3,23007.38,38498.24,336372.22,53997.32
2023,Q2,Japan,SMB,445515.58,235390.92,30969.48,16809.58,38669.69,321839.67,123675.91
2023,Q2,Japan,Enterprise,614978.96,331806.95,60248.85,32486.37,64965.04,489507.21,125471.75
2023,Q2,India,Consumer,393027.25,217402.01,32354.53,13992.07,46183.93,309932.55,83094.7
2023,Q2,India,SMB,471541.41,257234.63,40344.21,23432.52,46235.56,367246.92,104294.49
2023,Q2,India,Enterprise,611231.67,327589.19,51139.56,23299.12,55569.17,457597.05,153634.62
2023,Q3,United States,Consumer,314787.96,174152.57,20953.09,13732.74,27580.71,236419.11,78368.85
2023,Q3,United States,SMB,394863.61,226720.36,22287.63,20006.52,46498.3,315512.81,79350.79
2023,Q3,United States,Enterprise,506648.73,309111.73,27823.04,15852.39,55151.12,407938.28,98710.45
2023,Q3,Canada,Consumer,347674.68,210101.84,18371.44,18533.57,33050.49,280057.34,67617.35
2023,Q3,Canada,SMB,413427.21,222135.43,41260.36,13192.42,46750.48,323338.7,90088.51
2023,Q3,Canada,Enterprise,536216.48,318248.8,45892.55,29895.7,46839.41,440876.45,95340.03
2023,Q3,United Kingdom,Consumer,330084.31,191400.33,22344.38,11128.34,28864.4,253737.45,76346.87
2023,Q3,United Kingdom,SMB,428413.93,225784.14,22639.82,24625.57,39621.48,312671.01,115742.92
2023,Q3,United Kingdom,Enterprise,574359.93,354056.54,32812.36,29549.51,59751.92,476170.34,98189.59
2023,Q3,Germany,Consumer,367822.98,194806.08,21858.99,11880.37,38314.42,266859.85,100963.13
2023,Q3,Germany,SMB,474367.4,278547.8,40576.48,28242.67,50814.46,398181.41,76185.99
2023,Q3,Germany,Enterprise,534642.21,324367.73,36480.73,16109.26,53618.93,430576.64,104065.57
2023,Q3,France,Consumer,389215.28,212407.65,29025.99,13705.56,32035.42,287174.61,102040.67
2023,Q3,France,SMB,442993.29,262562.61,41288.62,15194.21,40548.39,359593.84,83399.46
2023,Q3,France,Enterprise,561014.25,293234.06,43574.86,28610.42,59419.88,424839.21,136175.04
2023,Q3,Australia,Consumer,377903.61,217483.91,20673.2,13086.47,44317.43,295561.01,82342.59
2023,Q3,Australia,SMB,491927.82,301194.57,47143.42,24341.46,57619.28,430298.73,61629.09
2023,Q3,Australia,Enterprise,592349.01,308235.69,31470.65,19716.11,49647.22,409069.68,183279.34
2023,Q3,Japan,Consumer,387343.94,228582.15,34679.85,18478.78,33256.36,314997.14,72346.8
2023,Q3,Japan,SMB,505522.86,280807.94,25604.56,19421.0,47126.87,372960.38,132562.48
2023,Q3,Japan,Enterprise,600009.23,360717.76,52798.6,30520.41,51336.91,495373.68,104635.55
2023,Q3,India,Consumer,418519.99,245971.56,25003.17,20692.81,41575.97,333243.52,85276.48
2023,Q3,India,SMB,502738.27,267060.76,38165.48,16589.33,43522.12,365337.7,137400.57
2023,Q3,India,Enterprise,607179.06,373664.56,39007.15,24685.55,56396.75,493754.01,113425.04
2023,Q4,United States,Consumer,373610.42,215310.41,35850.91,14569.96,31604.97,297336.25,76274.17
2023,Q4,United States,SMB,450260.02,249693.36,40566.33,25386.88,44532.04,360178.61,90081.41
2023,Q4,United States,Enterprise,588242.43,338416.63,37380.46,26276.36,47937.29,450010.75,138231.68
2023,Q4,Canada,Consumer,382528.11,202794.79,25031.65,17963.33,31259.82,277049.59,105478.52
2023,Q4,Canada,SMB,441454.45,260286.68,23657.04,19561.94,41297.1,344802.77,96651.68
2023,Q4,Canada,Enterprise,561236.7,302438.05,49484.56,32858.31,48045.9,432826.81,128409.88
2023,Q4,United Kingdom,Consumer,401655.12,232749.61,32969.07,20604.02,43444.93,329767.62,71887.5
2023,Q4,United Kingdom,SMB,494750.85,281190.09,37931.52,19648.94,41663.12,380433.67,114317.18
2023,Q4,United Kingdom,Enterprise,608290.3,318355.42,38797.82,19968.28,53303.92,430425.45,177864.86
2023,Q4,Germany,Consumer,400611.37,233495.4,28464.54,13102.06,38993.49,314055.49,86555.88
2023,Q4,Germany,SMB,485323.77,287333.95,38316.96,21716.77,48279.66,395647.34,89676.43
2023,Q4,Germany,Enterprise,648061.95,386004.77,48506.77,28758.84,52531.36,515801.74,132260.21
2023,Q4,France,Consumer,426528.05,235408.25,26784.66,25584.12,46383.9,334160.93,92367.12
2023,Q4,France,SMB,483336.27,254326.01,24783.1,23194.61,40050.49,342354.22,140982.05
2023,Q4,France,Enterprise,665815.49,408604.75,51469.34,32291.5,61039.15,553404.73,112410.76
2023,Q4,Australia,Consumer,399030.83,236922.97,21982.33,12995.13,36889.97,308790.4,90240.42
2023,Q4,Australia,SMB,495835.65,279355.57,42336.45,26795.19,51652.34,400139.55,95696.1
2023,Q4,Australia,Enterprise,679590.16,381012.37,62820.37,30713.53,60430.14,534976.41,144613.75
2023,Q4,Japan,Consumer,452196.97,247576.53,23202.26,16858.0,42808.36,330445.15,121751.83
2023,Q4,Japan,SMB,530271.49,303562.8,49928.42,20558.7,53467.71,427517.64,102753.85
2023,Q4,Japan,Enterprise,662012.58,398648.95,38317.34,21916.13,66280.57,525162.99,136849.59
2023,Q4,India,Consumer,451780.81,270866.33,35908.1,24041.74,43239.22,374055.38,77725.43
2023,Q4,India,SMB,525957.06,279604.0,27316.17,20969.02,52500.85,380390.04,145567.02
2023,Q4,India,Enterprise,681975.71,392858.89,50486.97,34329.49,72752.14,550427.49,131548.22
2024,Q1,United States,Consumer,299735.5,166239.74,23756.25,14355.22,27751.91,232103.12,67632.38
2024,Q1,United States,SMB,375182.09,221134.02,30903.95,12775.52,36633.41,301446.9,73735.2
2024,Q1,United States,Enterprise,498391.79,260973.17,46229.92,17391.55,49983.69,374578.34,123813.45
2024,Q1,Canada,Consumer,313632.33,163406.5,30036.52,13689.35,37062.16,244194.53,69437.8
2024,Q1,Canada,SMB,386087.02,234211.04,37110.48,18032.18,34017.01,323370.72,62716.31
2024,Q1,Canada,Enterprise,504161.96,289841.6,49017.89,21768.79,45747.93,406376.21,97785.74
2024,Q1,United Kingdom,Consumer,313743.95,185066.06,30968.25,9679.1,34391.93,260105.33,53638.62
2024,Q1,United Kingdom,SMB,427428.08,225458.97,23725.89,21695.7,45272.56,316153.12,111274.96
2024,Q1,United Kingdom,Enterprise,486344.33,293480.73,37045.43,27826.64,55987.78,414340.58,72003.75
2024,Q1,Germany,Consumer,348633.69,199275.49,21819.42,15751.01,29296.54,266142.47,82491.21
2024,Q1,Germany,SMB,428705.07,228670.31,32392.38,13560.57,39432.51,314055.75,114649.31
2024,Q1,Germany,Enterprise,511277.72,297565.25,45677.21,16217.26,58291.46,417751.18,93526.54
2024,Q1,France,Consumer,361251.88,200215.51,29965.92,15200.9,31128.22,276510.55,84741.33
2024,Q1,France,SMB,435774.08,230365.85,40929.47,25156.67,49183.43,345635.43,90138.65
2024,Q1,France,Enterprise,546730.38,314785.41,54252.26,20467.97,45399.36,434905.0,111825.38
2024,Q1,Australia,Consumer,360381.66,199247.29,23827.33,10888.05,37425.48,271388.16,88993.5
2024,Q1,Australia,SMB,435887.39,234849.96,22675.56,17841.24,50196.25,325563.01,110324.38
2024,Q1,Australia,Enterprise,549305.89,322941.01,48244.08,21886.01,61997.76,455068.86,94237.04
2024,Q1,Japan,Consumer,376117.38,216615.11,18824.53,11679.47,44996.67,292115.78,84001.6
2024,Q1,Japan,SMB,474703.13,291352.15,45151.46,14532.22,53011.95,404047.78,70655.35
2024,Q1,Japan,Enterprise,572517.07,342912.43,28818.1,22125.48,63007.19,456863.2,115653.86
2024,Q1,India,Consumer,390955.67,227525.04,25436.67,15368.81,46394.93,314725.45,76230.21
2024,Q1,India,SMB,470357.83,265616.97,36507.59,19889.11,48026.76,370040.44,100317.39
2024,Q1,India,Enterprise,587501.78,354070.58,56078.54,34053.55,60261.14,504463.81,83037.97
2024,Q2,United States,Consumer,319883.19,188898.7,29402.44,14999.15,34547.14,267847.44,52035.75
2024,Q2,United States,SMB,413401.08,242930.75,36092.67,14989.66,41313.23,335326.32,78074.76
2024,Q2,United States,Enterprise,507862.13,264214.15,47128.65,24530.11,43252.31,379125.23,128736.9
2024,Q2,Canada,Consumer,344423.11,203797.12,30279.95,14383.55,39322.13,287782.75,56640.36
2024,Q2,Canada,SMB,412204.59,237863.04,20623.47,20340.73,44817.78,323645.01,88559.58
2024,Q2,Canada,Enterprise,523970.97,298483.15,47417.71,26429.72,47745.79,420076.36,103894.62
2024,Q2,United Kingdom,Consumer,361149.22,213340.49,35897.13,21357.58,42166.48,312761.69,48387.53
2024,Q2,United Kingdom,SMB,441852.96,256691.36,25896.35,20458.03,48875.59,351921.34,89931.63
2024,Q2,United Kingdom,Enterprise,538524.71,326789.67,29878.86,22310.11,53980.95,432959.59,105565.12
2024,Q2,Germany,Consumer,352217.0,186977.44,20314.61,19417.2,35001.69,261710.95,90506.05
2024,Q2,Germany,SMB,421647.9,219952.26,31064.39,14728.74,45624.43,311369.81,110278.09
2024,Q2,Germany,Enterprise,572367.83,310698.24,45565.54,19823.01,52739.86,428826.65,143541.17
2024,Q2,France,Consumer,381387.37,219072.65,35962.71,14018.82,35545.67,304599.85,76787.52
2024,Q2,France,SMB,455821.15,258910.07,45528.51,15239.63,51999.44,371677.65,84143.51
2024,Q2,France,Enterprise,594346.61,341939.41,39941.2,27088.41,54500.82,463469.83,130876.78
2024,Q2,Australia,Consumer,389130.15,221737.22,37470.16,18943.14,39135.9,317286.43,71843.72
2024,Q2,Australia,SMB,481874.19,274857.81,45886.62,17122.62,57311.2,395178.25,86695.94
2024,Q2,Australia,Enterprise,608858.93,369013.16,45144.08,33557.9,56180.0,503895.14,104963.79
2024,Q2,Japan,Consumer,398886.91,213023.57,26068.29,17300.52,37053.72,293446.09,105440.82
2024,Q2,Japan,SMB,478717.42,288192.9,30079.63,25064.89,39708.88,383046.31,95671.11
2024,Q2,Japan,Enterprise,623512.2,373609.96,43698.81,32219.58,72704.97,522233.32,101278.87
2024,Q2,India,Consumer,411868.0,230252.6,30565.0,21985.81,37769.85,320573.27,91294.73
2024,Q2,India,SMB,515007.92,284700.04,46504.97,16791.33,42115.23,390111.57,124896.35
2024,Q2,India,Enterprise,656975.23,398748.3,61849.21,38458.28,64076.54,563132.32,93842.91
2024,Q3,United States,Consumer,330131.24,175960.78,24779.8,12083.28,38764.68,251588.54,78542.7
2024,Q3,United States,SMB,399584.13,213505.66,24903.6,14372.52,35575.43,288357.21,111226.92
2024,Q3,United States,Enterprise,537173.39,296923.24,43377.41,30461.89,55920.97,426683.5,110489.89
2024,Q3,Canada,Consumer,356983.49,198679.28,20700.37,14142.8,42328.0,275850.45,81133.04
2024,Q3,Canada,SMB,442751.62,242517.69,32119.75,24380.29,47258.31,346276.05,96475.57
2024,Q3,Canada,Enterprise,549783.56,334552.25,45973.99,27094.37,48155.94,455776.56,94007.01
2024,Q3,United Kingdom,Consumer,345509.03,213011.22,27621.0,14673.94,35781.2,291087.37,54421.66
2024,Q3,United Kingdom,SMB,429684.22,258761.31,26138.67,23261.55,43559.3,351720.82,77963.4
2024,Q3,United Kingdom,Enterprise,550366.53,287853.25,49968.7,19424.53,45169.79,402416.27,147950.26
2024,Q3,Germany,Consumer,383022.55,212579.17,26607.31,14329.65,43805.19,297321.33,85701.22
2024,Q3,Germany,SMB,455403.27,246381.94,29811.83,16437.55,42218.71,334850.03,120553.24
2024,Q3,Germany,Enterprise,555592.97,297716.16,39365.23,31326.56,45720.65,414128.6,141464.37
2024,Q3,France,Consumer,372031.27,227249.56,35157.23,18744.25,33341.05,314492.08,57539.19
2024,Q3,France,SMB,475924.59,257533.32,26856.15,19703.26,49035.87,353128.6,122796.0
2024,Q3,France,Enterprise,590972.33,343403.65,38302.53,23860.81,65968.43,471535.43,119436.9
2024,Q3,Australia,Consumer,412016.59,227516.97,32374.53,15798.72,33840.32,309530.53,102486.06
2024,Q3,Australia,SMB,507417.9,272534.33,36171.6,22636.61,44337.6,375680.14,131737.76
2024,Q3,Australia,Enterprise,590745.71,327746.49,57665.23,28624.03,56272.32,470308.06,120437.65
2024,Q3,Japan,Consumer,386609.44,224244.04,21113.86,17890.86,42557.2,305805.96,80803.48
2024,Q3,Japan,SMB,504690.35,277549.99,26430.24,15515.87,49056.44,368552.53,136137.82
2024,Q3,Japan,Enterprise,662876.97,360874.38,52170.26,33494.63,54643.07,501182.33,161694.64
2024,Q3,India,Consumer,402784.04,222791.0,33634.34,17388.61,44051.61,317865.57,84918.48
2024,Q3,India,SMB,544408.06,324378.59,54229.77,28652.65,62109.97,469370.98,75037.08
2024,Q3,India,Enterprise,677987.4,402064.55,61079.95,39350.73,67126.38,569621.6,108365.81
2024,Q4,United States,Consumer,375813.3,214775.03,34782.22,16137.72,42387.63,308082.6,67730.7
2024,Q4,United States,SMB,477924.79,294491.81,29844.51,24512.09,52704.01,401552.41,76372.38
2024,Q4,United States,Enterprise,606075.08,370124.14,47683.74,28712.56,52541.65,499062.09,107012.99
2024,Q4,Canada,Consumer,402732.45,219691.26,34730.36,21696.75,39326.27,315444.63,87287.82
2024,Q4,Canada,SMB,463411.39,249730.56,43016.07,21003.05,38743.73,352493.41,110917.97
2024,Q4,Canada,Enterprise,612381.48,333758.38,57453.47,24058.73,53896.2,469166.78,143214.7
2024,Q4,United Kingdom,Consumer,377482.75,215600.45,27381.42,19832.7,37213.8,300028.37,77454.38
2024,Q4,United Kingdom,SMB,485864.09,265362.2,31050.28,28100.16,42077.36,366590.0,119274.09
2024,Q4,United Kingdom,Enterprise,650908.25,359751.74,35422.11,24383.49,53593.56,473150.9,177757.35
2024,Q4,Germany,Consumer,421026.28,240513.49,28145.33,20993.0,44302.85,333954.66,87071.61
2024,Q4,Germany,SMB,534648.66,329410.97,44928.77,29156.79,59718.65,463215.18,71433.49
2024,Q4,Germany,Enterprise,637005.91,376117.49,34342.87,33596.09,75468.21,519524.65,117481.26
2024,Q4,France,Consumer,401582.75,242400.0,38812.57,14772.49,40556.82,336541.88,65040.87
2024,Q4,France,SMB,550492.7,339115.94,31044.55,22278.51,59412.36,451851.36,98641.34
2024,Q4,France,Enterprise,637299.82,352093.53,32607.16,22054.17,65318.88,472073.75,165226.07
2024,Q4,Australia,Consumer,440574.45,257688.11,39175.01,18706.1,40065.68,355634.9,84939.55
2024,Q4,Australia,SMB,512923.81,277318.92,33657.75,18129.91,41447.21,370553.79,142370.03
2024,Q4,Australia,Enterprise,651667.86,382274.85,53097.42,37842.68,72939.05,546154.01,105513.84
2024,Q4,Japan,Consumer,449241.67,239785.27,35132.31,14307.38,43682.19,332907.16,116334.51
2024,Q4,Japan,SMB,550722.8,309936.54,35241.47,27852.76,62582.92,435613.68,115109.12
2024,Q4,Japan,Enterprise,717250.88,417996.03,55168.96,22186.38,78121.07,573472.44,143778.44
2024,Q4,India,Consumer,460813.07,252098.9,30594.35,26758.59,48373.62,357825.45,102987.62
2024,Q4,India,SMB,571683.01,332772.21,40410.62,25214.35,52373.24,450770.42,120912.6
2024,Q4,India,Enterprise,711775.94,418922.29,37010.28,38329.72,64998.8,559261.09,152514.85
